Query,Response,best_match_response,response_source,explanation
How can customers encrypt the data for security?,AWS KMS,"<img_only>According to the context provided, customers can encrypt data for security using the following AWS services:

1. Amazon S3 for encrypting stored data
2. Amazon EBS volumes for encrypted file systems
3. AWS Glue for encrypting authoring jobs and development scripts
4. AWS Key Management Service (AWS KMS) for managing encryption keys

The context also suggests enabling Amazon S3 default encryption and using S3 bucket policies to prevent unencrypted objects from being uploaded.</img_only>",img_only,"The <img_only> response candidate provides the most relevant and comprehensive information to answer the question 'How can customers encrypt the data for security?'. It lists several AWS services like Amazon S3, EBS volumes, AWS Glue, and AWS KMS that customers can use to encrypt their data. It also mentions enabling S3 default encryption and using bucket policies to prevent unencrypted uploads, which are good security practices. The <combined> and <text_only> candidates do not directly address data encryption options for customers. Therefore, the <img_only> response is the best match for the given question."
What are the steps in the Training pipeline?,"train model, use AWS Glue, Use Amazon SageMaker to train the ensemble models, Training results Queue, and then use the Endpoint update handler.",,,
"In Operationalizing AI/ML workloads, what comes under 'Development'?","Data extraction, data cleaning/preprocessing, feature engineering, model training and evaluation and human in the loop/model review and approval","<combined>
According to the context provided, under 'Development' in Operationalizing AI/ML workloads comes:

data extraction, data cleaning/processing, feature engineering, model training and evaluation, 'human in the loop' model review and approval
</combined>",combined,"The 'combined' response candidate matches the target response the best by listing all the key steps involved in the 'Development' phase of operationalizing AI/ML workloads - data extraction, data cleaning/preprocessing, feature engineering, model training and evaluation, and human review/approval of the model. The 'text_only' candidate does not provide any relevant information, while the 'img_only' candidate repeats the same information as the 'combined' candidate but without the image context."
What are the phases of a machine learning lifecycle?,"Define a scope, prepare data, model development, model deployment, and model monitoring/maintainance.","<combined>The phases of a machine learning lifecycle according to the context provided are:1. Define business use case and ML problem framework (by business owners and domain experts)2. Model monitoring/maintenance - drift detection, defining retraining objective, alerting/logging (by DevOps and data scientists)3. Prepare data - data ingestion, data exploration/cleaning, feature engineering/selection (by data engineers/data scientists)4. Model deployment - CI/CD, version control, batch/realtime prediction (by DevOps and data scientists)5. Model development - model experimentation/training, model testing, model evaluation (by data scientists)</combined>",combined,"The 'combined' response candidate provides a comprehensive and detailed explanation of the different phases involved in a machine learning lifecycle, covering all the key stages from defining the business use case and problem framework to model monitoring and maintenance. It aligns well with the target response and provides additional context on the roles involved in each phase. The 'text_only' candidate does not provide any relevant information, while the 'img_only' candidate lists the phases but without the level of detail present in the 'combined' response."
What are the differences between SageMaker Ground Truth and Data Wrangler?,Ground truth is used for data labeling and data wrangler simplifies the process of data preparation and feature engineering.,"<combined>
SageMaker Ground Truth is used for data labeling, while SageMaker Data Wrangler simplifies the process of data preparation and feature engineering.
</combined>",combined,The 'combined' response candidate matches the target response the best by providing a clear and concise explanation of the differences between SageMaker Ground Truth and SageMaker Data Wrangler. The 'text_only' response is also correct but lacks the conciseness of the 'combined' response. The 'img_only' response is incomplete as it does not contain any image and is identical to the 'combined' response.
What are the benefits of Machine learning?,"Machine learning helps with continually learning  from real-world data, and its capability to improve its performance",I do not have enough context to provide a detailed answer about the benefits of machine learning. The provided summary section is empty and does not contain any relevant information to answer this question.,"combined, text_only, img_only","All three response candidates (combined, text_only, img_only) state that there is not enough context or information provided to answer the question about the benefits of machine learning. Since the question asks specifically about the benefits of machine learning, and none of the candidates provide any information about that, the best match is to indicate that there is insufficient information to answer the question. The target_response provides a potential answer, but I was instructed not to select that as the best match."
What is model interpretability?,"Interpretability is the degree to which a human can understand the cause of a decision. The
higher the interpretability of an ML model, the easier it is to comprehend the modelâ€™s predictions.","<combined>
Model interpretability provides a mechanism to ensure the safety and effectiveness of ml solutions by increasing the transparency around model predictions, as well as the behavior of the underlying algorithm. It is a key aspect of the patient-centered approach, and is especially important for ai/ml-based samd (software as a medical device), which may learn and change over time.
</combined>",combined,"The <combined> response candidate provides the most comprehensive and relevant explanation of model interpretability compared to the other candidates. It explains that interpretability increases transparency around model predictions and behavior, which aligns with the target response that interpretability helps humans understand the causes of model decisions. The <text_only> candidate does not provide any relevant information, while the <img_only> candidate repeats the same information as <combined> without any additional context."
"For model monitoring, after an ML model has been deployed to a product environment, what is it important to monitor the model based on?",Infrastructure and Performance,,,
"In Operationalizing AI/ML workloads, what comes under 'Prepare for production'?","Develop infra/resources, quality assurance/testing, containerization, CI/CD","<combined>
According to the context provided, under 'Prepare for production' in Operationalizing AI/ML workloads, the following steps are included:

1. Develop infra/resources
2. Quality assurance/testing
3. Containerization
4. CI/CD (Continuous Integration/Continuous Deployment)
5. Sent for release approval
</combined>",combined,"The 'combined' response candidate matches the target response the best as it lists the same steps under 'Prepare for production' as mentioned in the target response - develop infra/resources, quality assurance/testing, containerization, and CI/CD. The 'text_only' response does not provide any relevant information to answer the question. The 'img_only' response lists the same steps as the 'combined' response but also includes an additional step 'sent for release approval' which is not present in the target response, making the 'combined' response a better match."
What are the Trade-offs between performance and model interpretability graph?,"linear regression and decision trees have higher interpretability but lower accuracy, neural nets have higher accuracy but lower interpretability","<combined>
The image directly shows the trade-off between performance (accuracy) and model interpretability for different machine learning models. Linear regression and decision trees have higher interpretability but lower accuracy, while neural networks have higher accuracy but lower interpretability. The chart visually represents this trade-off by plotting interpretability on the y-axis and accuracy on the x-axis, with the models arranged vertically from highest interpretability (linear regression) to lowest interpretability (neural nets).
</combined>",combined,"The <combined> response candidate provides the most complete and accurate answer to the question by describing the trade-off between model interpretability and performance/accuracy as shown in the image. It correctly states that linear regression and decision trees have higher interpretability but lower accuracy, while neural networks have higher accuracy but lower interpretability. The response also explains how the chart visually represents this trade-off. The <text_only> candidate does not provide any relevant information to answer the question. The <img_only> candidate describes the trade-off shown in the image, but does not provide as clear and complete an explanation as the <combined> response."
